Product name,Main Category,Subcategory,Image
Sainsbury's British or Irish 5% Fat Beef Mince 500g,meat-and-fish,beef,https://assets.sainsburys-groceries.co.uk/gol/7542971/image.jpg
Sainsbury's British or Irish 5% Fat Beef Mince 750g,meat-and-fish,beef,https://assets.sainsburys-groceries.co.uk/gol/7865307/image.jpg
Sainsbury's British or Irish 20% Fat Beef Mince 500g,meat-and-fish,beef,https://assets.sainsburys-groceries.co.uk/gol/7715235/image.jpg
Sainsbury's British or Irish 5% Fat Beef Mince 250g,meat-and-fish,beef,https://assets.sainsburys-groceries.co.uk/gol/7865288/image.jpg
"Sainsbury's 2 Signature Beef Rib & Briskett Burgers, Taste t...",meat-and-fish,beef,https://assets.sainsburys-groceries.co.uk/gol/8144329/image.jpg
Sainsbury's British or Irish Beef Mince 1kg,meat-and-fish,beef,https://assets.sainsburys-groceries.co.uk/gol/8030556/image.jpg
Deli Express Roast Cooked British Beef Slices x5 130g,meat-and-fish,beef,https://assets.sainsburys-groceries.co.uk/gol/8039905/image.jpg
Sainsbury's 4 Quarter Pounder British Beef Burgers 454g,meat-and-fish,beef,https://assets.sainsburys-groceries.co.uk/gol/1389807/image.jpg
Premier Deli Corned Beef Slices x9 250g,meat-and-fish,beef,https://assets.sainsburys-groceries.co.uk/gol/8114037/image.jpg
Premier Deli Corned Beef Slices x3 100g,meat-and-fish,beef,https://assets.sainsburys-groceries.co.uk/gol/8114035/image.jpg
Sainsbury's British or Irish 21 Day Matured Sirloin Steak 22...,meat-and-fish,beef,https://assets.sainsburys-groceries.co.uk/gol/7738243/image.jpg
Sainsbury's British or Irish 12% Fat Beef Mince 500g,meat-and-fish,beef,https://assets.sainsburys-groceries.co.uk/gol/7865320/image.jpg
Sainsbury's British or Irish Extra Lean Diced Beef 500g,meat-and-fish,beef,https://assets.sainsburys-groceries.co.uk/gol/8046793/image.jpg
"Sainsbury's British Beef Mince 5% Fat , Taste the Difference...",meat-and-fish,beef,https://assets.sainsburys-groceries.co.uk/gol/7975431/image.jpg
Sainsbury's British or Irish 10% Fat 12 Beef Meatballs 350g,meat-and-fish,beef,https://assets.sainsburys-groceries.co.uk/gol/7264909/image.jpg
"Sainsbury's 4 Extra Thin Lightly Seasoned Smash Burgers, Tas...",meat-and-fish,beef,https://assets.sainsburys-groceries.co.uk/gol/8202577/image.jpg
Sainsbury’s Simply Seasoned With Salt & Pepper Cooked Britis...,meat-and-fish,beef,https://assets.sainsburys-groceries.co.uk/gol/7554629/image.jpg
Sainsbury's Organic British Beef Mince 5% Fat 500g,meat-and-fish,beef,https://assets.sainsburys-groceries.co.uk/gol/7865345/image.jpg
Sainsbury's British or Irish 21 Day Matured Lean Beef Roasti...,meat-and-fish,beef,https://assets.sainsburys-groceries.co.uk/gol/90278/image.jpg
Sainsbury's Just Cook 21 Day Matured Beef Steaks with Black ...,meat-and-fish,beef,https://assets.sainsburys-groceries.co.uk/gol/7845225/image.jpg
"Sainsbury's Beef Meatballs, Taste the Difference 350g",meat-and-fish,beef,https://assets.sainsburys-groceries.co.uk/gol/7714190/image.jpg
Sainsbury's British or Irish 21 Day Matured Rump Steak 225g,meat-and-fish,beef,https://assets.sainsburys-groceries.co.uk/gol/7809681/image.jpg
"Sainsbury's 2 Beef Steak & Vintage Cheddar Burgers, Taste th...",meat-and-fish,beef,https://assets.sainsburys-groceries.co.uk/gol/8054284/image.jpg
Sainsbury's 4 British Beef Steak Burgers 680g,meat-and-fish,beef,https://assets.sainsburys-groceries.co.uk/gol/7552562/image.jpg
Sainsbury's British or Irish 21 Day Matured Sizzler Steaks 3...,meat-and-fish,beef,https://assets.sainsburys-groceries.co.uk/gol/7876533/image.jpg
Richmond Meat Free Vegan & Vegetarian Sausages x8 304g,meat-and-fish,beef,https://assets.sainsburys-groceries.co.uk/gol/7988611/image.jpg
"Sainsbury's Beef Mince 12% Fat , Taste the Difference 500g",meat-and-fish,beef,https://assets.sainsburys-groceries.co.uk/gol/7865329/image.jpg
Sainsbury's Lightly Seasoned Cooked British Beef Brisket Pas...,meat-and-fish,beef,https://assets.sainsburys-groceries.co.uk/gol/7554659/image.jpg
"Sainsbury's 2 Beef Steak Burgers, Taste the Difference 340g",meat-and-fish,beef,https://assets.sainsburys-groceries.co.uk/gol/7517603/image.jpg
"Sainsbury's Beef Ranch Steaks with Garlic Butter, Taste the ...",meat-and-fish,beef,https://assets.sainsburys-groceries.co.uk/gol/8151496/image.jpg
Sainsbury's British or Irish 21 Day Matured Ribeye Steak 225...,meat-and-fish,beef,https://assets.sainsburys-groceries.co.uk/gol/7915721/image.jpg
Sainsbury's Irish Corned Beef 175g,meat-and-fish,beef,https://assets.sainsburys-groceries.co.uk/gol/8156395/image.jpg
"Sainsbury's 4 Quarter Pounder Beef Steak Burgers, Taste the ...",meat-and-fish,beef,https://assets.sainsburys-groceries.co.uk/gol/8105993/image.jpg
Sainsbury's Yorkshire Puddings x6 132G,meat-and-fish,beef,https://assets.sainsburys-groceries.co.uk/gol/1386011/image.jpg
Sainsbury's British or Irish 21 Day Matured Thin Cut Sirloin...,meat-and-fish,beef,https://assets.sainsburys-groceries.co.uk/gol/7915809/image.jpg
Sainsbury's British Cooked Roast Beef Slices x3 85g,meat-and-fish,beef,https://assets.sainsburys-groceries.co.uk/gol/7103183/image.jpg
"Sainsbury's 30 Days Matured British Beef Fillet Steak, Taste...",meat-and-fish,beef,https://assets.sainsburys-groceries.co.uk/gol/7623674/image.jpg
Sainsbury's Just Cook Beef Steaks with Peppercorn 370g,meat-and-fish,beef,https://assets.sainsburys-groceries.co.uk/gol/8168448/image.jpg
Sainsbury's British or Irish Extra Lean Diced Beef 250g,meat-and-fish,beef,https://assets.sainsburys-groceries.co.uk/gol/8046756/image.jpg
"Sainsbury's 30 Days Matured British Beef Sirloin Steak, Tast...",meat-and-fish,beef,https://assets.sainsburys-groceries.co.uk/gol/7809846/image.jpg
Smörgåsbord The Original Swedish Meatballs 400g,meat-and-fish,beef,https://assets.sainsburys-groceries.co.uk/gol/7961237/image.jpg
Rustlers the Essential Cheese Burger with our Rich Tomato Re...,meat-and-fish,beef,https://assets.sainsburys-groceries.co.uk/gol/8138418/image.jpg
Sainsbury's British or Irish 21 Day Matured Extra Lean Beef ...,meat-and-fish,beef,https://assets.sainsburys-groceries.co.uk/gol/7876545/image.jpg
Sainsbury's British or Irish 10% Fat 24 Meatballs 700g,meat-and-fish,beef,https://assets.sainsburys-groceries.co.uk/gol/8028359/image.jpg
Sainsbury's British or Irish 5% Fat 12 Beef Meatballs 350g,meat-and-fish,beef,https://assets.sainsburys-groceries.co.uk/gol/8029933/image.jpg
Sainsbury's 4 Reduced Fat Quarter Pounder Beef Burgers 454g,meat-and-fish,beef,https://assets.sainsburys-groceries.co.uk/gol/7552524/image.jpg
Finnebrogue 2 Wagyu Beef Burgers 340g,meat-and-fish,beef,https://assets.sainsburys-groceries.co.uk/gol/8059805/image.jpg
Sainsbury's Yorkshire Puddings x4 168g,meat-and-fish,beef,https://assets.sainsburys-groceries.co.uk/gol/7713504/image.jpg
Sainsbury's 5% Fat Beef Mince 500g,meat-and-fish,beef,https://assets.sainsburys-groceries.co.uk/gol/7981770/image.jpg
"Sainsbury's British Corned Beef Slices, Taste the Difference...",meat-and-fish,beef,https://assets.sainsburys-groceries.co.uk/gol/7639001/image.jpg
Sainsbury's 10% Fat Mini Beef Meatballs x20 350g,meat-and-fish,beef,https://assets.sainsburys-groceries.co.uk/gol/7713133/image.jpg
Sainsbury's British Wafer Thin Cooked Roast Beef Slices x5 8...,meat-and-fish,beef,https://assets.sainsburys-groceries.co.uk/gol/7104073/image.jpg
Sainsbury's British or Irish Extra Lean Casserole Steak 500g,meat-and-fish,beef,https://assets.sainsburys-groceries.co.uk/gol/8046639/image.jpg
"Sainsbury's 30 Days Matured British Beef Ribeye Steak, Taste...",meat-and-fish,beef,https://assets.sainsburys-groceries.co.uk/gol/7809977/image.jpg
Sainsbury's Corned Beef Crispbake x2 227g,meat-and-fish,beef,https://assets.sainsburys-groceries.co.uk/gol/7858906/image.jpg
"Sainsbury's Steak Casserole & Dumplings, Taste the Differenc...",meat-and-fish,beef,https://assets.sainsburys-groceries.co.uk/gol/8029090/image.jpg
Sainsbury's 8 Quarter Pounder Beef Burgers 908g,meat-and-fish,beef,https://assets.sainsburys-groceries.co.uk/gol/7559142/image.jpg
"Sainsbury's 2 Skinny Beef Burgers, Taste the Difference 227g",meat-and-fish,beef,https://assets.sainsburys-groceries.co.uk/gol/7854207/image.jpg
Sainsbury's Turkey Burgers x2 227g,meat-and-fish,beef,https://assets.sainsburys-groceries.co.uk/gol/8189580/image.jpg
Sainsbury's British Cooked Beef Slices x10 115g,meat-and-fish,beef,https://assets.sainsburys-groceries.co.uk/gol/7135496/image.jpg
La Famiglia Rana Chicken & Smoked Pancetta Fresh Tortelloni ...,meat-and-fish,chicken,https://assets.sainsburys-groceries.co.uk/gol/7921818/image.jpg
Sainsbury's British Fresh Chicken Breast Fillets Skinless & ...,meat-and-fish,chicken,https://assets.sainsburys-groceries.co.uk/gol/7870766/image.jpg
Sainsbury's British Fresh Chicken Breast Fillets Skinless & ...,meat-and-fish,chicken,https://assets.sainsburys-groceries.co.uk/gol/7977681/image.jpg
Sainsbury's British Fresh Chicken Breast Fillets Skinless & ...,meat-and-fish,chicken,https://assets.sainsburys-groceries.co.uk/gol/7874927/image.jpg
Sainsbury's British Fresh Chicken Breast Mini Fillets 320g,meat-and-fish,chicken,https://assets.sainsburys-groceries.co.uk/gol/7875181/image.jpg
Sainsbury's British Fresh Chicken Breast Fillets Skinless & ...,meat-and-fish,chicken,https://assets.sainsburys-groceries.co.uk/gol/8206585/image.jpg
Sainsbury's Cooked Roast British Chicken Breast Fillets x2 2...,meat-and-fish,chicken,https://assets.sainsburys-groceries.co.uk/gol/1081213/image.jpg
Sainsbury's British Chicken Thigh Fillets 1kg,meat-and-fish,chicken,https://assets.sainsburys-groceries.co.uk/gol/8051628/image.jpg
Sainsbury's British Fresh Chicken Thigh Fillets Skinless & B...,meat-and-fish,chicken,https://assets.sainsburys-groceries.co.uk/gol/7874865/image.jpg
Sainsbury's British Fresh Diced Chicken Breast 400g,meat-and-fish,chicken,https://assets.sainsburys-groceries.co.uk/gol/7977417/image.jpg
Sainsbury's British Fresh Medium Whole Chicken 1.6kg,meat-and-fish,chicken,https://assets.sainsburys-groceries.co.uk/gol/7875193/image.jpg
Stamford Street Co. Cooked Chicken Breast 240g,meat-and-fish,chicken,https://assets.sainsburys-groceries.co.uk/gol/8058338/image.jpg
Sainsbury's British Fresh Large Whole Chicken (approx. 2.2kg...,meat-and-fish,chicken,https://assets.sainsburys-groceries.co.uk/gol/8206696/image.jpg
Sainsbury's British Fresh Chicken Breast Mini Fillets 640g,meat-and-fish,chicken,https://assets.sainsburys-groceries.co.uk/gol/7897506/image.jpg
Sainsbury's British Fresh Chicken Skin on Thighs 1kg,meat-and-fish,chicken,https://assets.sainsburys-groceries.co.uk/gol/7877998/image.jpg
Fridge Raiders Slow Roasted Chicken Snack Bites 5x 22.5g,meat-and-fish,chicken,https://assets.sainsburys-groceries.co.uk/gol/8154892/image.jpg
Sainsbury's Roast British Cooked Breast Chicken Slices 180g,meat-and-fish,chicken,https://assets.sainsburys-groceries.co.uk/gol/8060809/image.jpg
Sainsbury's British Fresh Small Whole Chicken (approx. 1.2kg...,meat-and-fish,chicken,https://assets.sainsburys-groceries.co.uk/gol/8206698/image.jpg
Stamford Street Co. Tikka Style Cooked Chicken Breast 240g,meat-and-fish,chicken,https://assets.sainsburys-groceries.co.uk/gol/8058342/image.jpg
Sainsbury's Southern Fried Breaded Fresh British Chicken Min...,meat-and-fish,chicken,https://assets.sainsburys-groceries.co.uk/gol/7881140/image.jpg
Sainsbury's British Roast Cooked Chicken Breast Slices x7 13...,meat-and-fish,chicken,https://assets.sainsburys-groceries.co.uk/gol/7103990/image.jpg
Sainsbury's British Fresh Chicken Skin on Thighs 2kg,meat-and-fish,chicken,https://assets.sainsburys-groceries.co.uk/gol/8050455/image.jpg
Sainsbury's Fresh British Chicken Breast Fillet garlic Kyiv ...,meat-and-fish,chicken,https://assets.sainsburys-groceries.co.uk/gol/7881130/image.jpg
Sainsbury's British Fresh Chicken Wings 1kg,meat-and-fish,chicken,https://assets.sainsburys-groceries.co.uk/gol/7877995/image.jpg
Sainsbury's Roast Whole Cooked British Chicken 894g - 1112g,meat-and-fish,chicken,https://assets.sainsburys-groceries.co.uk/gol/7873697/image.jpg
"Sainsbury's Free Range British Chicken Breast Fillets, Taste...",meat-and-fish,chicken,https://assets.sainsburys-groceries.co.uk/gol/17091/image.jpg
Sainsbury's Chargrilled British Chicken Breast Slices 180g,meat-and-fish,chicken,https://assets.sainsburys-groceries.co.uk/gol/7863309/image.jpg
Sainsbury's British Cooked Chicken Breast Slices x10 115g,meat-and-fish,chicken,https://assets.sainsburys-groceries.co.uk/gol/7135489/image.jpg
Sainsbury's British Fresh Skin on Chicken Legs 1kg,meat-and-fish,chicken,https://assets.sainsburys-groceries.co.uk/gol/7977376/image.jpg
"Sainsbury's Roast in the Bag Pork, Sage & Onion Stuffing Who...",meat-and-fish,chicken,https://assets.sainsburys-groceries.co.uk/gol/558075/image.jpg
Sainsbury's British Fresh Chicken Thigh Fillets Skinless & B...,meat-and-fish,chicken,https://assets.sainsburys-groceries.co.uk/gol/7875227/image.jpg
Sainsbury's Lamb & Mint Kebabs x6 360g,meat-and-fish,chicken,https://assets.sainsburys-groceries.co.uk/gol/8151085/image.jpg
Sainsbury's British Wafer Thin Cooked Chicken Slices 400g,meat-and-fish,chicken,https://assets.sainsburys-groceries.co.uk/gol/1079081/image.jpg
"Sainsbury's Free Range British Chicken Breast Fillets, SO Or...",meat-and-fish,chicken,https://assets.sainsburys-groceries.co.uk/gol/30502/image.jpg
Sainsbury's Fresh British Chicken Breaded Kyiv With garlic &...,meat-and-fish,chicken,https://assets.sainsburys-groceries.co.uk/gol/410175/image.jpg
Sainsbury's British Fresh Chicken Skin on Drumsticks 1kg,meat-and-fish,chicken,https://assets.sainsburys-groceries.co.uk/gol/7574892/image.jpg
Heck Chicken Italia Gluten Free Chipolata Sausages x10 340g,meat-and-fish,chicken,https://assets.sainsburys-groceries.co.uk/gol/7792825/image.jpg
"Sainsbury's Free Range British Whole Chicken, Taste the Diff...",meat-and-fish,chicken,https://assets.sainsburys-groceries.co.uk/gol/59398/image.jpg
Sainsbury's Fresh Breaded British Chicken Steaks x4 505g,meat-and-fish,chicken,https://assets.sainsburys-groceries.co.uk/gol/7876921/image.jpg
Sainsbury's British Diced Chicken Breasts 640g,meat-and-fish,chicken,https://assets.sainsburys-groceries.co.uk/gol/8206590/image.jpg
Sainsburys Southern fried Fresh British Chicken breast fille...,meat-and-fish,chicken,https://assets.sainsburys-groceries.co.uk/gol/7881212/image.jpg
Fridge Raiders Slow Roasted Chicken Snack Bites 3x 22.5g,meat-and-fish,chicken,https://assets.sainsburys-groceries.co.uk/gol/7604201/image.jpg
Sainsbury's Just Cook British Chicken Breast Garlic Crown 52...,meat-and-fish,chicken,https://assets.sainsburys-groceries.co.uk/gol/8168213/image.jpg
Heck Simply Chicken Gluten Free Chipolata Sausages x10 340g,meat-and-fish,chicken,https://assets.sainsburys-groceries.co.uk/gol/7937691/image.jpg
Sainsbury's Sweet & Smokey BBQ Sliced British Chicken Breast...,meat-and-fish,chicken,https://assets.sainsburys-groceries.co.uk/gol/7861637/image.jpg
"Sainsbury's Roast Chicken Stuffing Topped, Taste the Differe...",meat-and-fish,chicken,https://assets.sainsburys-groceries.co.uk/gol/7554683/image.jpg
Sainsbury's Breaded Firecracker British Fresh Chicken Breast...,meat-and-fish,chicken,https://assets.sainsburys-groceries.co.uk/gol/7881203/image.jpg
Fridge Raiders Southern Style Chicken Snack Bites 5x 22.5g,meat-and-fish,chicken,https://assets.sainsburys-groceries.co.uk/gol/8154886/image.jpg
Sainsbury's Breaded Fresh British Chicken Mini Fillets 305g,meat-and-fish,chicken,https://assets.sainsburys-groceries.co.uk/gol/7880069/image.jpg
"Sainsbury's Free Range British Chicken Thigh Fillets, Taste ...",meat-and-fish,chicken,https://assets.sainsburys-groceries.co.uk/gol/6904653/image.jpg
Sainsbury's Roast British Cooked Chicken Thighs 450g,meat-and-fish,chicken,https://assets.sainsburys-groceries.co.uk/gol/8060798/image.jpg
Sainsbury's Just Cook Hunters Chicken Breasts 430g,meat-and-fish,chicken,https://assets.sainsburys-groceries.co.uk/gol/7852451/image.jpg
"Sainsbury's Smoky Caribbean Style Chicken Thigh Fillets, Tas...",meat-and-fish,chicken,https://assets.sainsburys-groceries.co.uk/gol/8146479/image.jpg
Sainsbury's Southern Fried Chicken Steak 380g,meat-and-fish,chicken,https://assets.sainsburys-groceries.co.uk/gol/7521753/image.jpg
The House of Chicken Buttermilk British Chicken Breast Burge...,meat-and-fish,chicken,https://assets.sainsburys-groceries.co.uk/gol/8086560/image.jpg
Sainsbury's Breaded Fresh British Chicken Breast Fillets x2 ...,meat-and-fish,chicken,https://assets.sainsburys-groceries.co.uk/gol/7881218/image.jpg
Sainsbury's Roast in the Bag Extra Tasty Chicken Crown 700g,meat-and-fish,chicken,https://assets.sainsburys-groceries.co.uk/gol/8206050/image.jpg
Sainsbury's Buttermilk British Chicken Mini Fillets 305g,meat-and-fish,chicken,https://assets.sainsburys-groceries.co.uk/gol/8189621/image.jpg
Sainsbury's Breaded Fresh British Chicken Goujons 270g,meat-and-fish,chicken,https://assets.sainsburys-groceries.co.uk/gol/7880074/image.jpg
Sainsbury's Chargrilled Cooked British Chicken Breast Mini F...,meat-and-fish,chicken,https://assets.sainsburys-groceries.co.uk/gol/8058465/image.jpg
Sainsbury's Southern Fried Breaded Fresh British Chicken Min...,meat-and-fish,lamb,https://assets.sainsburys-groceries.co.uk/gol/7881140/image.jpg
Sainsbury's Fresh British Chicken Breast Fillet garlic Kyiv ...,meat-and-fish,lamb,https://assets.sainsburys-groceries.co.uk/gol/7881130/image.jpg
Sainsbury's Fresh British Chicken Breaded Kyiv With garlic &...,meat-and-fish,lamb,https://assets.sainsburys-groceries.co.uk/gol/410175/image.jpg
Sainsbury's Fresh Breaded British Chicken Steaks x4 505g,meat-and-fish,lamb,https://assets.sainsburys-groceries.co.uk/gol/7876921/image.jpg
Sainsburys Southern fried Fresh British Chicken breast fille...,meat-and-fish,lamb,https://assets.sainsburys-groceries.co.uk/gol/7881212/image.jpg
Sainsbury's Breaded Firecracker British Fresh Chicken Breast...,meat-and-fish,lamb,https://assets.sainsburys-groceries.co.uk/gol/7881203/image.jpg
Sainsbury's Breaded Fresh British Chicken Mini Fillets 305g,meat-and-fish,lamb,https://assets.sainsburys-groceries.co.uk/gol/7880069/image.jpg
Sainsbury's Southern Fried Chicken Steak 380g,meat-and-fish,lamb,https://assets.sainsburys-groceries.co.uk/gol/7521753/image.jpg
The House of Chicken Buttermilk British Chicken Breast Burge...,meat-and-fish,lamb,https://assets.sainsburys-groceries.co.uk/gol/8086560/image.jpg
Sainsbury's Breaded Fresh British Chicken Breast Fillets x2 ...,meat-and-fish,lamb,https://assets.sainsburys-groceries.co.uk/gol/7881218/image.jpg
Sainsbury's Buttermilk British Chicken Mini Fillets 305g,meat-and-fish,lamb,https://assets.sainsburys-groceries.co.uk/gol/8189621/image.jpg
Sainsbury's Breaded Fresh British Chicken Goujons 270g,meat-and-fish,lamb,https://assets.sainsburys-groceries.co.uk/gol/7880074/image.jpg
Stamford Street Co. Breaded Chicken Steaks x4 505g,meat-and-fish,lamb,https://assets.sainsburys-groceries.co.uk/gol/7944887/image.jpg
"Sainsbury's Fresh British Chicken Breaded Kyiv, Taste the Di...",meat-and-fish,lamb,https://assets.sainsburys-groceries.co.uk/gol/8140955/image.jpg
Stamford Street Co. British Breaded Chicken Goujons 270g,meat-and-fish,lamb,https://assets.sainsburys-groceries.co.uk/gol/7991924/image.jpg
Sainsbury's British Classic Cheese & Onion Crispbakes x2 227...,meat-and-fish,lamb,https://assets.sainsburys-groceries.co.uk/gol/7858897/image.jpg
Stamford Street Co. British Chicken Kyivs with Garlic Butter...,meat-and-fish,lamb,https://assets.sainsburys-groceries.co.uk/gol/7944883/image.jpg
Sainsbury's Corned Beef Crispbake x2 227g,meat-and-fish,lamb,https://assets.sainsburys-groceries.co.uk/gol/7858906/image.jpg
Sainsburys Wild Garlic British Chicken Breast Kyiv with West...,meat-and-fish,lamb,https://assets.sainsburys-groceries.co.uk/gol/8100792/image.jpg
"Sainsbury's Lemon & Herb Chicken Schnitzel, Taste the Differ...",meat-and-fish,lamb,https://assets.sainsburys-groceries.co.uk/gol/8100784/image.jpg
Sainsbury's Sides Breaded Chicken Pops 250g,meat-and-fish,lamb,https://assets.sainsburys-groceries.co.uk/gol/8041577/image.jpg
Sainsbury's Southern Fried Breaded Fresh British Chicken gou...,meat-and-fish,lamb,https://assets.sainsburys-groceries.co.uk/gol/8002849/image.jpg
Sainsbury's Breaded Fresh British Chicken Goujons 540g,meat-and-fish,lamb,https://assets.sainsburys-groceries.co.uk/gol/7879885/image.jpg
Bernard Matthews Turkey Escalopes 260g,meat-and-fish,lamb,https://assets.sainsburys-groceries.co.uk/gol/7875257/image.jpg
Bernard Matthews Ham & Cheese Turkey Escalopes 285g,meat-and-fish,lamb,https://assets.sainsburys-groceries.co.uk/gol/7875259/image.jpg
Sainsbury's Breaded Firecracker British Fresh Chicken Breast...,meat-and-fish,lamb,https://assets.sainsburys-groceries.co.uk/gol/7881147/image.jpg
Sainsbury's Cheese & Ham Chicken Kyivs x2 260g,meat-and-fish,lamb,https://assets.sainsburys-groceries.co.uk/gol/410199/image.jpg
Sainsbury's Breaded Chicken Goujons 1kg,meat-and-fish,lamb,https://assets.sainsburys-groceries.co.uk/gol/8176233/image.jpg
The House of Chicken Korean Crispy Chicken Wings 550g,meat-and-fish,lamb,https://assets.sainsburys-groceries.co.uk/gol/8086834/image.jpg
Sainsbury's Free From Chicken Kyivs x2 260g,meat-and-fish,lamb,https://assets.sainsburys-groceries.co.uk/gol/7794041/image.jpg
Sainsbury's Tempura Chicken Breast Mini Fillets 305g,meat-and-fish,lamb,https://assets.sainsburys-groceries.co.uk/gol/8036528/image.jpg
Sainsbury's Fresh British Chicken Breaded Stars 360g,meat-and-fish,lamb,https://assets.sainsburys-groceries.co.uk/gol/8206441/image.jpg
Sainsbury's Southern Fried Breaded Fresh British Chicken Ste...,meat-and-fish,lamb,https://assets.sainsburys-groceries.co.uk/gol/8036500/image.jpg
Sainsbury's British Fresh Chicken Breast Pieces In a Salt & ...,meat-and-fish,lamb,https://assets.sainsburys-groceries.co.uk/gol/8146825/image.jpg
Sainsbury's Free From Chicken Dippers 400g,meat-and-fish,lamb,https://assets.sainsburys-groceries.co.uk/gol/7912860/image.jpg
Bernard Matthews Turkey Mini Kievs x13 295g,meat-and-fish,lamb,https://assets.sainsburys-groceries.co.uk/gol/8148352/image.jpg
"Sainsbury's Chicken Parmigiana, Taste the Difference 400g",meat-and-fish,lamb,https://assets.sainsburys-groceries.co.uk/gol/8146828/image.jpg
Sainsbury's Breaded Firecracker British Fresh Chicken Wings ...,meat-and-fish,lamb,https://assets.sainsburys-groceries.co.uk/gol/8146805/image.jpg
Sainsbury's Smoky Breaded British Chicken Schnitzel with a H...,meat-and-fish,lamb,https://assets.sainsburys-groceries.co.uk/gol/8189631/image.jpg
Sainsbury's Free From Breaded Mini Fillets 305g,meat-and-fish,lamb,https://assets.sainsburys-groceries.co.uk/gol/8176677/image.jpg
Sainsbury's Southern Fried Chicken Drums & Thighs 800g,meat-and-fish,lamb,https://assets.sainsburys-groceries.co.uk/gol/7915269/image.jpg
Sainsbury's Lightly Seasoned Chicken Breast Strips 250g,meat-and-fish,lamb,https://assets.sainsburys-groceries.co.uk/gol/8189626/image.jpg
Sainsbury's Lightly Dusted Chicken Mini Fillets 305g,meat-and-fish,lamb,https://assets.sainsburys-groceries.co.uk/gol/7880698/image.jpg
Sainsbury's Classic Breaded Chicken Nuggets 250g,meat-and-fish,lamb,https://assets.sainsburys-groceries.co.uk/gol/7917837/image.jpg
Sainsbury's Garlic & Herb Mini Chicken Kyivs 390g,meat-and-fish,lamb,https://assets.sainsburys-groceries.co.uk/gol/8189636/image.jpg
Sainsbury's Mexican Style Chicken Breast Mini Fillets 305g,meat-and-fish,lamb,https://assets.sainsburys-groceries.co.uk/gol/8189624/image.jpg
Sainsbury's Chilli Chicken Fries 300g,meat-and-fish,lamb,https://assets.sainsburys-groceries.co.uk/gol/8189633/image.jpg
"Sainsbury's Barber Cheese & Ham Hock Chicken Kyiv, Taste the...",meat-and-fish,lamb,https://assets.sainsburys-groceries.co.uk/gol/8189628/image.jpg
"Sainsbury's Mango, Coconut & Chilli Chicken Breast Sizzlers ...",meat-and-fish,lamb,https://assets.sainsburys-groceries.co.uk/gol/8185023/image.jpg
